insert into "mainApp_dayslot" ("ID",day,"mealType") values('1','monday','breakfast');
insert into "mainApp_dayslot" ("ID",day,"mealType") values('2','tuesday','breakfast');
insert into "mainApp_dayslot" ("ID",day,"mealType") values('3','wednesday','breakfast');
insert into "mainApp_dayslot" ("ID",day,"mealType") values('4','thursday','breakfast');
insert into "mainApp_dayslot" ("ID",day,"mealType") values('5','friday','breakfast');
insert into "mainApp_dayslot" ("ID",day,"mealType") values('6','saturday','breakfast');
insert into "mainApp_dayslot" ("ID",day,"mealType") values('7','sunday','breakfast');
insert into "mainApp_dayslot" ("ID",day,"mealType") values('8','monday','lunch');
insert into "mainApp_dayslot" ("ID",day,"mealType") values('9','tuesday','lunch');
insert into "mainApp_dayslot" ("ID",day,"mealType") values('10','wednesday','lunch');
insert into "mainApp_dayslot" ("ID",day,"mealType") values('11','thursday','lunch');
insert into "mainApp_dayslot" ("ID",day,"mealType") values('12','friday','lunch');
insert into "mainApp_dayslot" ("ID",day,"mealType") values('13','saturday','lunch');
insert into "mainApp_dayslot" ("ID",day,"mealType") values('14','sunday','lunch');
insert into "mainApp_dayslot" ("ID",day,"mealType") values('15','monday','tiffin');
insert into "mainApp_dayslot" ("ID",day,"mealType") values('16','tuesday','tiffin');
insert into "mainApp_dayslot" ("ID",day,"mealType") values('17','wednesday','tiffin');
insert into "mainApp_dayslot" ("ID",day,"mealType") values('18','thursday','tiffin');
insert into "mainApp_dayslot" ("ID",day,"mealType") values('19','friday','tiffin');
insert into "mainApp_dayslot" ("ID",day,"mealType") values('20','saturday','tiffin');
insert into "mainApp_dayslot" ("ID",day,"mealType") values('21','sunday','tiffin');
insert into "mainApp_dayslot" ("ID",day,"mealType") values('22','monday','dinner');
insert into "mainApp_dayslot" ("ID",day,"mealType") values('23','tuesday','dinner');
insert into "mainApp_dayslot" ("ID",day,"mealType") values('24','wednesday','dinner');
insert into "mainApp_dayslot" ("ID",day,"mealType") values('25','thursday','dinner');
insert into "mainApp_dayslot" ("ID",day,"mealType") values('26','friday','dinner');
insert into "mainApp_dayslot" ("ID",day,"mealType") values('27','saturday','dinner');
insert into "mainApp_dayslot" ("ID",day,"mealType") values('28','sunday','dinner');


insert into "mainApp_fooditem" ("ID",name,type,quantity,calories) values('1','Puri Bhaji','veg','120g',81);
insert into "mainApp_fooditem" ("ID",name,type,quantity,calories) values('2','Chocos','veg','70g',55);
insert into "mainApp_fooditem" ("ID",name,type,quantity,calories) values('3','Boiled Chawli','veg','85g',50);
insert into "mainApp_fooditem" ("ID",name,type,quantity,calories) values('4','Boiled Egg','non-veg','70g',95);
insert into "mainApp_fooditem" ("ID",name,type,quantity,calories) values('5','Egg Bhurji','non-veg','120g',105);
insert into "mainApp_fooditem" ("ID",name,type,quantity,calories) values('6','Onion Paratha','veg','110g',100);
insert into "mainApp_fooditem" ("ID",name,type,quantity,calories) values('7','Tamatar-dhaniya','veg','110g',80);
insert into "mainApp_fooditem" ("ID",name,type,quantity,calories) values('8','Tomato Chutney','veg','60g',50);
insert into "mainApp_fooditem" ("ID",name,type,quantity,calories) values('9','Boiled Groundnut','veg','110g',90);
insert into "mainApp_fooditem" ("ID",name,type,quantity,calories) values('10','Corn Flakes','veg','110g',40);
insert into "mainApp_fooditem" ("ID",name,type,quantity,calories) values('11','Tomato Onion Uttapam','veg','130g',130);
insert into "mainApp_fooditem" ("ID",name,type,quantity,calories) values('12','Boiled Corn','veg','70g',60);
insert into "mainApp_fooditem" ("ID",name,type,quantity,calories) values('13','Medu Vada','veg','110g',180);
insert into "mainApp_fooditem" ("ID",name,type,quantity,calories) values('14','Coconut Chutney','veg','105g',60);
insert into "mainApp_fooditem" ("ID",name,type,quantity,calories) values('15','Paneer Paratha','veg','110g',185);
insert into "mainApp_fooditem" ("ID",name,type,quantity,calories) values('16','Schezwan Chutney','veg','80g',125);
insert into "mainApp_fooditem" ("ID",name,type,quantity,calories) values('17','Curd','veg','40g',110);
insert into "mainApp_fooditem" ("ID",name,type,quantity,calories) values('18','Boiled Chana','veg','80g',60);
insert into "mainApp_fooditem" ("ID",name,type,quantity,calories) values('19','Dal Vada','veg','85g',190);
insert into "mainApp_fooditem" ("ID",name,type,quantity,calories) values('20','Boiled Sprouts','veg','50g',50);
insert into "mainApp_fooditem" ("ID",name,type,quantity,calories) values('21','Veg Hyderabadi','veg','160g',120);
insert into "mainApp_fooditem" ("ID",name,type,quantity,calories) values('22','Chawli Masala','veg','160g',180);
insert into "mainApp_fooditem" ("ID",name,type,quantity,calories) values('23','Steam Rice','veg','180g',140);
insert into "mainApp_fooditem" ("ID",name,type,quantity,calories) values('24','Veg Pulav','veg','180g',240);
insert into "mainApp_fooditem" ("ID",name,type,quantity,calories) values('25','Dal Tadka','veg','120g',105);
insert into "mainApp_fooditem" ("ID",name,type,quantity,calories) values('26','Masal Papad','veg','80g',100);
insert into "mainApp_fooditem" ("ID",name,type,quantity,calories) values('27','Rasam','veg','130g',160);
insert into "mainApp_fooditem" ("ID",name,type,quantity,calories) values('28','Nimbu Pani','veg','80g',100);
insert into "mainApp_fooditem" ("ID",name,type,quantity,calories) values('29','Rajma Masala','veg','180g',170);
insert into "mainApp_fooditem" ("ID",name,type,quantity,calories) values('30','Alu 65','veg','140g',200);
insert into "mainApp_fooditem" ("ID",name,type,quantity,calories) values('31','Masoor Dal','veg','140g',120);
insert into "mainApp_fooditem" ("ID",name,type,quantity,calories) values('32','Veg Biryani','veg','210g',165);
insert into "mainApp_fooditem" ("ID",name,type,quantity,calories) values('33','Boondi Raita','veg','80g',100);
insert into "mainApp_fooditem" ("ID",name,type,quantity,calories) values('34','Roosted Papad','veg','80g',110);
insert into "mainApp_fooditem" ("ID",name,type,quantity,calories) values('35','Chole Bhature','veg','180g',180);
insert into "mainApp_fooditem" ("ID",name,type,quantity,calories) values('36','Imli Chutney','veg','100g',90);
insert into "mainApp_fooditem" ("ID",name,type,quantity,calories) values('37','Jeera Rice','veg','180g',140);
insert into "mainApp_fooditem" ("ID",name,type,quantity,calories) values('38','Sambhar','veg','170g',210);
insert into "mainApp_fooditem" ("ID",name,type,quantity,calories) values('39','Kabuli Dal','veg','180g',110);
insert into "mainApp_fooditem" ("ID",name,type,quantity,calories) values('40','Frimes','veg','100g',150);
insert into "mainApp_fooditem" ("ID",name,type,quantity,calories) values('41','Lassi','veg','80g',100);
insert into "mainApp_fooditem" ("ID",name,type,quantity,calories) values('42','Gobi Chilly','veg','120g',180);
insert into "mainApp_fooditem" ("ID",name,type,quantity,calories) values('43','Curd Rice','veg','190g',120);
insert into "mainApp_fooditem" ("ID",name,type,quantity,calories) values('44','Veg Kofta','veg','210g',230);
insert into "mainApp_fooditem" ("ID",name,type,quantity,calories) values('45','Kadai Chole','veg','210g',260);
insert into "mainApp_fooditem" ("ID",name,type,quantity,calories) values('46','Dal Punjabi','veg','210g',180);
insert into "mainApp_fooditem" ("ID",name,type,quantity,calories) values('47','Tomato Rice','veg','210g',195);
insert into "mainApp_fooditem" ("ID",name,type,quantity,calories) values('48','Buttermilk','veg','80g',140);
insert into "mainApp_fooditem" ("ID",name,type,quantity,calories) values('49','Matar Paneer','veg','210g',260);
insert into "mainApp_fooditem" ("ID",name,type,quantity,calories) values('50','Methi Puri','veg','230g',280);
insert into "mainApp_fooditem" ("ID",name,type,quantity,calories) values('51','Tur Dal','veg','210g',165);
insert into "mainApp_fooditem" ("ID",name,type,quantity,calories) values('52','Fruit Yoghurt','veg','80g',70);
insert into "mainApp_fooditem" ("ID",name,type,quantity,calories) values('53','Dal Kichadi','veg','210g',195);
insert into "mainApp_fooditem" ("ID",name,type,quantity,calories) values('54','Kadhi Pakoda','veg','230g',190);
insert into "mainApp_fooditem" ("ID",name,type,quantity,calories) values('55','Alu Cheese Sandwich','veg','230g',170);
insert into "mainApp_fooditem" ("ID",name,type,quantity,calories) values('56','Fruit','veg','100g',160);
insert into "mainApp_fooditem" ("ID",name,type,quantity,calories) values('57','Schezwan Masala Dosa','veg','150g',205);
insert into "mainApp_fooditem" ("ID",name,type,quantity,calories) values('58','Cold Coffee','veg','120g',125);
insert into "mainApp_fooditem" ("ID",name,type,quantity,calories) values('59','Cold Milk','veg','140g',105);
insert into "mainApp_fooditem" ("ID",name,type,quantity,calories) values('60','Poha Jalebi','veg','170g',205);
insert into "mainApp_fooditem" ("ID",name,type,quantity,calories) values('61','Peanut Butter','veg','150g',200);
insert into "mainApp_fooditem" ("ID",name,type,quantity,calories) values('62','Veg Cutlet','veg','160g',190);
insert into "mainApp_fooditem" ("ID",name,type,quantity,calories) values('63','Milkshake','veg','120g',170);
insert into "mainApp_fooditem" ("ID",name,type,quantity,calories) values('64','Haryali Kabab','veg','210g',220);
insert into "mainApp_fooditem" ("ID",name,type,quantity,calories) values('65','Pasta','veg','110g',95);
insert into "mainApp_fooditem" ("ID",name,type,quantity,calories) values('66','Pav Bhaji','veg','210g',280);
insert into "mainApp_fooditem" ("ID",name,type,quantity,calories) values('67','Gulab Jamun','veg','230g',190);
insert into "mainApp_fooditem" ("ID",name,type,quantity,calories) values('68','Rasgulla','veg','230g',190);
insert into "mainApp_fooditem" ("ID",name,type,quantity,calories) values('69','Cold Drinks','veg','230g',190);
insert into "mainApp_fooditem" ("ID",name,type,quantity,calories) values('70','Gulab Jamun','veg','230g',190);
insert into "mainApp_fooditem" ("ID",name,type,quantity,calories) values('71','Sevaiya Kheer','veg','230g',190);
insert into "mainApp_fooditem" ("ID",name,type,quantity,calories) values('72','Malai Barfi','veg','230g',190);
insert into "mainApp_fooditem" ("ID",name,type,quantity,calories) values('73','Ice Cream','veg','230g',190);
insert into "mainApp_fooditem" ("ID",name,type,quantity,calories) values('74','Chicken Fry','non-veg','230g',290);
insert into "mainApp_fooditem" ("ID",name,type,quantity,calories) values('75','Chicken Curry','non-veg','230g',290);
insert into "mainApp_fooditem" ("ID",name,type,quantity,calories) values('76','Omlette','non-veg','200g',190);
insert into "mainApp_fooditem" ("ID",name,type,quantity,calories) values('77','Full Fry','non-veg','130g',190);
insert into "mainApp_fooditem" ("ID",name,type,quantity,calories) values('78','Half Fry','non-veg','130g',190);


insert into "mainApp_menu" ("daySlot_id",food_id,hostel_id) values ('1',    '1',    '1');
insert into "mainApp_menu" ("daySlot_id",food_id,hostel_id) values ('1',    '2',    '1');
insert into "mainApp_menu" ("daySlot_id",food_id,hostel_id) values ('1',    '3',    '1');
insert into "mainApp_menu" ("daySlot_id",food_id,hostel_id) values ('1',    '4',    '1');
insert into "mainApp_menu" ("daySlot_id",food_id,hostel_id) values ('1',    '7',    '2');
insert into "mainApp_menu" ("daySlot_id",food_id,hostel_id) values ('1',    '8',    '2');
insert into "mainApp_menu" ("daySlot_id",food_id,hostel_id) values ('1',    '9',    '2');
insert into "mainApp_menu" ("daySlot_id",food_id,hostel_id) values ('1',    '10',   '2');
insert into "mainApp_menu" ("daySlot_id",food_id,hostel_id) values ('1',    '11',   '3');
insert into "mainApp_menu" ("daySlot_id",food_id,hostel_id) values ('1',    '12',   '3');
insert into "mainApp_menu" ("daySlot_id",food_id,hostel_id) values ('1',    '13',   '3');
insert into "mainApp_menu" ("daySlot_id",food_id,hostel_id) values ('1',    '14',   '3');
insert into "mainApp_menu" ("daySlot_id",food_id,hostel_id) values ('1',    '1',    '4');
insert into "mainApp_menu" ("daySlot_id",food_id,hostel_id) values ('1',    '2',    '4');
insert into "mainApp_menu" ("daySlot_id",food_id,hostel_id) values ('1',    '3',    '4');
insert into "mainApp_menu" ("daySlot_id",food_id,hostel_id) values ('1',    '4',    '4');
insert into "mainApp_menu" ("daySlot_id",food_id,hostel_id) values ('1',    '7',    '5');
insert into "mainApp_menu" ("daySlot_id",food_id,hostel_id) values ('1',    '8',    '5');
insert into "mainApp_menu" ("daySlot_id",food_id,hostel_id) values ('1',    '9',    '5');
insert into "mainApp_menu" ("daySlot_id",food_id,hostel_id) values ('1',    '10',   '5');
insert into "mainApp_menu" ("daySlot_id",food_id,hostel_id) values ('1',    '15',   '6');
insert into "mainApp_menu" ("daySlot_id",food_id,hostel_id) values ('1',    '16',   '6');
insert into "mainApp_menu" ("daySlot_id",food_id,hostel_id) values ('1',    '17',   '6');
insert into "mainApp_menu" ("daySlot_id",food_id,hostel_id) values ('1',    '18',   '6');
insert into "mainApp_menu" ("daySlot_id",food_id,hostel_id) values ('1',    '19',   '7');
insert into "mainApp_menu" ("daySlot_id",food_id,hostel_id) values ('1',    '20',   '7');
insert into "mainApp_menu" ("daySlot_id",food_id,hostel_id) values ('1',    '15',   '7');
insert into "mainApp_menu" ("daySlot_id",food_id,hostel_id) values ('1',    '16',   '7');
insert into "mainApp_menu" ("daySlot_id",food_id,hostel_id) values ('1',    '11',   '8');
insert into "mainApp_menu" ("daySlot_id",food_id,hostel_id) values ('1',    '12',   '8');
insert into "mainApp_menu" ("daySlot_id",food_id,hostel_id) values ('1',    '15',   '8');
insert into "mainApp_menu" ("daySlot_id",food_id,hostel_id) values ('1',    '14',   '8');
insert into "mainApp_menu" ("daySlot_id",food_id,hostel_id) values ('1',    '1',    '9');
insert into "mainApp_menu" ("daySlot_id",food_id,hostel_id) values ('1',    '2',    '9');
insert into "mainApp_menu" ("daySlot_id",food_id,hostel_id) values ('1',    '3',    '9');
insert into "mainApp_menu" ("daySlot_id",food_id,hostel_id) values ('1',    '4',    '9');
insert into "mainApp_menu" ("daySlot_id",food_id,hostel_id) values ('1',    '7',    '10');
insert into "mainApp_menu" ("daySlot_id",food_id,hostel_id) values ('1',    '8',    '10');
insert into "mainApp_menu" ("daySlot_id",food_id,hostel_id) values ('1',    '9',    '10');
insert into "mainApp_menu" ("daySlot_id",food_id,hostel_id) values ('1',    '10',   '10');
insert into "mainApp_menu" ("daySlot_id",food_id,hostel_id) values ('1',    '15',   '11');
insert into "mainApp_menu" ("daySlot_id",food_id,hostel_id) values ('1',    '16',   '11');
insert into "mainApp_menu" ("daySlot_id",food_id,hostel_id) values ('1',    '17',   '11');
insert into "mainApp_menu" ("daySlot_id",food_id,hostel_id) values ('1',    '18',   '11');
insert into "mainApp_menu" ("daySlot_id",food_id,hostel_id) values ('1',    '12',   '12');
insert into "mainApp_menu" ("daySlot_id",food_id,hostel_id) values ('1',    '17',   '12');
insert into "mainApp_menu" ("daySlot_id",food_id,hostel_id) values ('1',    '13',   '12');
insert into "mainApp_menu" ("daySlot_id",food_id,hostel_id) values ('1',    '1',    '12');
insert into "mainApp_menu" ("daySlot_id",food_id,hostel_id) values ('1',    '1',    '13');
insert into "mainApp_menu" ("daySlot_id",food_id,hostel_id) values ('1',    '7',    '13');
insert into "mainApp_menu" ("daySlot_id",food_id,hostel_id) values ('1',    '18',   '13');
insert into "mainApp_menu" ("daySlot_id",food_id,hostel_id) values ('1',    '12',   '13');
insert into "mainApp_menu" ("daySlot_id",food_id,hostel_id) values ('1',    '6',    '14');
insert into "mainApp_menu" ("daySlot_id",food_id,hostel_id) values ('1',    '3',    '14');
insert into "mainApp_menu" ("daySlot_id",food_id,hostel_id) values ('1',    '13',   '14');
insert into "mainApp_menu" ("daySlot_id",food_id,hostel_id) values ('1',    '18',   '14');
insert into "mainApp_menu" ("daySlot_id",food_id,hostel_id) values ('1',    '1',    '15');
insert into "mainApp_menu" ("daySlot_id",food_id,hostel_id) values ('1',    '7',    '15');
insert into "mainApp_menu" ("daySlot_id",food_id,hostel_id) values ('1',    '5',    '15');
insert into "mainApp_menu" ("daySlot_id",food_id,hostel_id) values ('1',    '20',   '15');
insert into "mainApp_menu" ("daySlot_id",food_id,hostel_id) values ('1',    '14',   '16');
insert into "mainApp_menu" ("daySlot_id",food_id,hostel_id) values ('1',    '12',   '16');
insert into "mainApp_menu" ("daySlot_id",food_id,hostel_id) values ('1',    '1',    '16');
insert into "mainApp_menu" ("daySlot_id",food_id,hostel_id) values ('1',    '7',    '16');
insert into "mainApp_menu" ("daySlot_id",food_id,hostel_id) values ('3',    '1',    '1');
insert into "mainApp_menu" ("daySlot_id",food_id,hostel_id) values ('3',    '2',    '1');
insert into "mainApp_menu" ("daySlot_id",food_id,hostel_id) values ('3',    '3',    '1');
insert into "mainApp_menu" ("daySlot_id",food_id,hostel_id) values ('3',    '4',    '1');
insert into "mainApp_menu" ("daySlot_id",food_id,hostel_id) values ('3',    '7',    '2');
insert into "mainApp_menu" ("daySlot_id",food_id,hostel_id) values ('3',    '8',    '2');
insert into "mainApp_menu" ("daySlot_id",food_id,hostel_id) values ('3',    '9',    '2');
insert into "mainApp_menu" ("daySlot_id",food_id,hostel_id) values ('3',    '10',   '2');
insert into "mainApp_menu" ("daySlot_id",food_id,hostel_id) values ('3',    '11',   '3');
insert into "mainApp_menu" ("daySlot_id",food_id,hostel_id) values ('3',    '12',   '3');
insert into "mainApp_menu" ("daySlot_id",food_id,hostel_id) values ('3',    '13',   '3');
insert into "mainApp_menu" ("daySlot_id",food_id,hostel_id) values ('3',    '14',   '3');
insert into "mainApp_menu" ("daySlot_id",food_id,hostel_id) values ('3',    '1',    '4');
insert into "mainApp_menu" ("daySlot_id",food_id,hostel_id) values ('3',    '2',    '4');
insert into "mainApp_menu" ("daySlot_id",food_id,hostel_id) values ('3',    '3',    '4');
insert into "mainApp_menu" ("daySlot_id",food_id,hostel_id) values ('3',    '4',    '4');
insert into "mainApp_menu" ("daySlot_id",food_id,hostel_id) values ('3',    '7',    '5');
insert into "mainApp_menu" ("daySlot_id",food_id,hostel_id) values ('3',    '8',    '5');
insert into "mainApp_menu" ("daySlot_id",food_id,hostel_id) values ('3',    '9',    '5');
insert into "mainApp_menu" ("daySlot_id",food_id,hostel_id) values ('3',    '10',   '5');
insert into "mainApp_menu" ("daySlot_id",food_id,hostel_id) values ('3',    '15',   '6');
insert into "mainApp_menu" ("daySlot_id",food_id,hostel_id) values ('3',    '16',   '6');
insert into "mainApp_menu" ("daySlot_id",food_id,hostel_id) values ('3',    '17',   '6');
insert into "mainApp_menu" ("daySlot_id",food_id,hostel_id) values ('3',    '18',   '6');
insert into "mainApp_menu" ("daySlot_id",food_id,hostel_id) values ('3',    '19',   '7');
insert into "mainApp_menu" ("daySlot_id",food_id,hostel_id) values ('3',    '20',   '7');
insert into "mainApp_menu" ("daySlot_id",food_id,hostel_id) values ('3',    '15',   '7');
insert into "mainApp_menu" ("daySlot_id",food_id,hostel_id) values ('3',    '16',   '7');
insert into "mainApp_menu" ("daySlot_id",food_id,hostel_id) values ('3',    '11',   '8');
insert into "mainApp_menu" ("daySlot_id",food_id,hostel_id) values ('3',    '12',   '8');
insert into "mainApp_menu" ("daySlot_id",food_id,hostel_id) values ('3',    '15',   '8');
insert into "mainApp_menu" ("daySlot_id",food_id,hostel_id) values ('3',    '14',   '8');
insert into "mainApp_menu" ("daySlot_id",food_id,hostel_id) values ('3',    '1',    '9');
insert into "mainApp_menu" ("daySlot_id",food_id,hostel_id) values ('3',    '2',    '9');
insert into "mainApp_menu" ("daySlot_id",food_id,hostel_id) values ('3',    '3',    '9');
insert into "mainApp_menu" ("daySlot_id",food_id,hostel_id) values ('3',    '4',    '9');
insert into "mainApp_menu" ("daySlot_id",food_id,hostel_id) values ('3',    '7',    '10');
insert into "mainApp_menu" ("daySlot_id",food_id,hostel_id) values ('3',    '8',    '10');
insert into "mainApp_menu" ("daySlot_id",food_id,hostel_id) values ('3',    '9',    '10');
insert into "mainApp_menu" ("daySlot_id",food_id,hostel_id) values ('3',    '10',   '10');
insert into "mainApp_menu" ("daySlot_id",food_id,hostel_id) values ('3',    '15',   '11');
insert into "mainApp_menu" ("daySlot_id",food_id,hostel_id) values ('3',    '16',   '11');
insert into "mainApp_menu" ("daySlot_id",food_id,hostel_id) values ('3',    '17',   '11');
insert into "mainApp_menu" ("daySlot_id",food_id,hostel_id) values ('3',    '18',   '11');
insert into "mainApp_menu" ("daySlot_id",food_id,hostel_id) values ('3',    '12',   '12');
insert into "mainApp_menu" ("daySlot_id",food_id,hostel_id) values ('3',    '17',   '12');
insert into "mainApp_menu" ("daySlot_id",food_id,hostel_id) values ('3',    '13',   '12');
insert into "mainApp_menu" ("daySlot_id",food_id,hostel_id) values ('3',    '1',    '12');
insert into "mainApp_menu" ("daySlot_id",food_id,hostel_id) values ('3',    '1',    '13');
insert into "mainApp_menu" ("daySlot_id",food_id,hostel_id) values ('3',    '7',    '13');
insert into "mainApp_menu" ("daySlot_id",food_id,hostel_id) values ('3',    '18',   '13');
insert into "mainApp_menu" ("daySlot_id",food_id,hostel_id) values ('3',    '12',   '13');
insert into "mainApp_menu" ("daySlot_id",food_id,hostel_id) values ('3',    '6',    '14');
insert into "mainApp_menu" ("daySlot_id",food_id,hostel_id) values ('3',    '3',    '14');
insert into "mainApp_menu" ("daySlot_id",food_id,hostel_id) values ('3',    '13',   '14');
insert into "mainApp_menu" ("daySlot_id",food_id,hostel_id) values ('3',    '18',   '14');
insert into "mainApp_menu" ("daySlot_id",food_id,hostel_id) values ('3',    '1',    '15');
insert into "mainApp_menu" ("daySlot_id",food_id,hostel_id) values ('3',    '7',    '15');
insert into "mainApp_menu" ("daySlot_id",food_id,hostel_id) values ('3',    '5',    '15');
insert into "mainApp_menu" ("daySlot_id",food_id,hostel_id) values ('3',    '20',   '15');
insert into "mainApp_menu" ("daySlot_id",food_id,hostel_id) values ('3',    '14',   '16');
insert into "mainApp_menu" ("daySlot_id",food_id,hostel_id) values ('3',    '12',   '16');
insert into "mainApp_menu" ("daySlot_id",food_id,hostel_id) values ('3',    '1',    '16');
insert into "mainApp_menu" ("daySlot_id",food_id,hostel_id) values ('3',    '7',    '16');
insert into "mainApp_menu" ("daySlot_id",food_id,hostel_id) values ('2',    '1',    '3');
insert into "mainApp_menu" ("daySlot_id",food_id,hostel_id) values ('2',    '12',   '3');
insert into "mainApp_menu" ("daySlot_id",food_id,hostel_id) values ('2',    '15',   '3');
insert into "mainApp_menu" ("daySlot_id",food_id,hostel_id) values ('2',    '14',   '3');
insert into "mainApp_menu" ("daySlot_id",food_id,hostel_id) values ('4',    '5',    '3');
insert into "mainApp_menu" ("daySlot_id",food_id,hostel_id) values ('4',    '6',    '3');
insert into "mainApp_menu" ("daySlot_id",food_id,hostel_id) values ('4',    '7',    '3');
insert into "mainApp_menu" ("daySlot_id",food_id,hostel_id) values ('4',    '8',    '3');
insert into "mainApp_menu" ("daySlot_id",food_id,hostel_id) values ('5',    '11',   '3');
insert into "mainApp_menu" ("daySlot_id",food_id,hostel_id) values ('5',    '12',   '3');
insert into "mainApp_menu" ("daySlot_id",food_id,hostel_id) values ('5',    '13',   '3');
insert into "mainApp_menu" ("daySlot_id",food_id,hostel_id) values ('5',    '14',   '3');
insert into "mainApp_menu" ("daySlot_id",food_id,hostel_id) values ('6',    '1',    '3');
insert into "mainApp_menu" ("daySlot_id",food_id,hostel_id) values ('6',    '12',   '3');
insert into "mainApp_menu" ("daySlot_id",food_id,hostel_id) values ('6',    '13',   '3');
insert into "mainApp_menu" ("daySlot_id",food_id,hostel_id) values ('6',    '5',    '3');
insert into "mainApp_menu" ("daySlot_id",food_id,hostel_id) values ('7',    '11',   '3');
insert into "mainApp_menu" ("daySlot_id",food_id,hostel_id) values ('7',    '7',    '3');
insert into "mainApp_menu" ("daySlot_id",food_id,hostel_id) values ('7',    '3',    '3');
insert into "mainApp_menu" ("daySlot_id",food_id,hostel_id) values ('7',    '24',   '3');
insert into "mainApp_menu" ("daySlot_id",food_id,hostel_id) values ('8',    '25',   '3');
insert into "mainApp_menu" ("daySlot_id",food_id,hostel_id) values ('8',    '29',   '3');
insert into "mainApp_menu" ("daySlot_id",food_id,hostel_id) values ('8',    '32',   '3');
insert into "mainApp_menu" ("daySlot_id",food_id,hostel_id) values ('8',    '31',   '3');
insert into "mainApp_menu" ("daySlot_id",food_id,hostel_id) values ('9',    '33',   '3');
insert into "mainApp_menu" ("daySlot_id",food_id,hostel_id) values ('9',    '31',   '3');
insert into "mainApp_menu" ("daySlot_id",food_id,hostel_id) values ('9',    '26',   '3');
insert into "mainApp_menu" ("daySlot_id",food_id,hostel_id) values ('9',    '28',   '3');
insert into "mainApp_menu" ("daySlot_id",food_id,hostel_id) values ('10',   '31',   '3');
insert into "mainApp_menu" ("daySlot_id",food_id,hostel_id) values ('10',   '22',   '3');
insert into "mainApp_menu" ("daySlot_id",food_id,hostel_id) values ('10',   '38',   '3');
insert into "mainApp_menu" ("daySlot_id",food_id,hostel_id) values ('11',   '42',   '3');
insert into "mainApp_menu" ("daySlot_id",food_id,hostel_id) values ('11',   '22',   '3');
insert into "mainApp_menu" ("daySlot_id",food_id,hostel_id) values ('11',   '25',   '3');
insert into "mainApp_menu" ("daySlot_id",food_id,hostel_id) values ('12',   '33',   '3');
insert into "mainApp_menu" ("daySlot_id",food_id,hostel_id) values ('13',   '38',   '3');
insert into "mainApp_menu" ("daySlot_id",food_id,hostel_id) values ('13',   '44',   '3');
insert into "mainApp_menu" ("daySlot_id",food_id,hostel_id) values ('13',   '41',   '3');
insert into "mainApp_menu" ("daySlot_id",food_id,hostel_id) values ('13',   '46',   '3');
insert into "mainApp_menu" ("daySlot_id",food_id,hostel_id) values ('14',   '47',   '3');
insert into "mainApp_menu" ("daySlot_id",food_id,hostel_id) values ('14',   '43',   '3');
insert into "mainApp_menu" ("daySlot_id",food_id,hostel_id) values ('14',   '32',   '3');
insert into "mainApp_menu" ("daySlot_id",food_id,hostel_id) values ('14',   '25',   '3');
insert into "mainApp_menu" ("daySlot_id",food_id,hostel_id) values ('15',   '55',   '3');
insert into "mainApp_menu" ("daySlot_id",food_id,hostel_id) values ('15',   '56',   '3');
insert into "mainApp_menu" ("daySlot_id",food_id,hostel_id) values ('16',   '57',   '3');
insert into "mainApp_menu" ("daySlot_id",food_id,hostel_id) values ('16',   '56',   '3');
insert into "mainApp_menu" ("daySlot_id",food_id,hostel_id) values ('17',   '55',   '3');
insert into "mainApp_menu" ("daySlot_id",food_id,hostel_id) values ('17',   '56',   '3');
insert into "mainApp_menu" ("daySlot_id",food_id,hostel_id) values ('18',   '58',   '3');
insert into "mainApp_menu" ("daySlot_id",food_id,hostel_id) values ('18',   '56',   '3');
insert into "mainApp_menu" ("daySlot_id",food_id,hostel_id) values ('19',   '60',   '3');
insert into "mainApp_menu" ("daySlot_id",food_id,hostel_id) values ('19',   '56',   '3');
insert into "mainApp_menu" ("daySlot_id",food_id,hostel_id) values ('20',   '62',   '3');
insert into "mainApp_menu" ("daySlot_id",food_id,hostel_id) values ('20',   '56',   '3');
insert into "mainApp_menu" ("daySlot_id",food_id,hostel_id) values ('21',   '63',   '3');
insert into "mainApp_menu" ("daySlot_id",food_id,hostel_id) values ('21',   '55',   '3');
insert into "mainApp_menu" ("daySlot_id",food_id,hostel_id) values ('22',   '22',   '3');
insert into "mainApp_menu" ("daySlot_id",food_id,hostel_id) values ('22',   '23',   '3');
insert into "mainApp_menu" ("daySlot_id",food_id,hostel_id) values ('22',   '24',   '3');
insert into "mainApp_menu" ("daySlot_id",food_id,hostel_id) values ('22',   '21',   '3');
insert into "mainApp_menu" ("daySlot_id",food_id,hostel_id) values ('23',   '22',   '3');
insert into "mainApp_menu" ("daySlot_id",food_id,hostel_id) values ('23',   '23',   '3');
insert into "mainApp_menu" ("daySlot_id",food_id,hostel_id) values ('23',   '24',   '3');
insert into "mainApp_menu" ("daySlot_id",food_id,hostel_id) values ('23',   '21',   '3');
insert into "mainApp_menu" ("daySlot_id",food_id,hostel_id) values ('24',   '22',   '3');
insert into "mainApp_menu" ("daySlot_id",food_id,hostel_id) values ('24',   '23',   '3');
insert into "mainApp_menu" ("daySlot_id",food_id,hostel_id) values ('24',   '24',   '3');
insert into "mainApp_menu" ("daySlot_id",food_id,hostel_id) values ('24',   '21',   '3');
insert into "mainApp_menu" ("daySlot_id",food_id,hostel_id) values ('25',   '22',   '3');
insert into "mainApp_menu" ("daySlot_id",food_id,hostel_id) values ('25',   '23',   '3');
insert into "mainApp_menu" ("daySlot_id",food_id,hostel_id) values ('25',   '41',   '3');
insert into "mainApp_menu" ("daySlot_id",food_id,hostel_id) values ('25',   '21',   '3');
insert into "mainApp_menu" ("daySlot_id",food_id,hostel_id) values ('26',   '23',   '3');
insert into "mainApp_menu" ("daySlot_id",food_id,hostel_id) values ('26',   '15',   '3');
insert into "mainApp_menu" ("daySlot_id",food_id,hostel_id) values ('26',   '29',   '3');
insert into "mainApp_menu" ("daySlot_id",food_id,hostel_id) values ('26',   '28',   '3');
insert into "mainApp_menu" ("daySlot_id",food_id,hostel_id) values ('27',   '32',   '3');
insert into "mainApp_menu" ("daySlot_id",food_id,hostel_id) values ('27',   '33',   '3');
insert into "mainApp_menu" ("daySlot_id",food_id,hostel_id) values ('27',   '34',   '3');
insert into "mainApp_menu" ("daySlot_id",food_id,hostel_id) values ('27',   '41',   '3');
insert into "mainApp_menu" ("daySlot_id",food_id,hostel_id) values ('28',   '42',   '3');
insert into "mainApp_menu" ("daySlot_id",food_id,hostel_id) values ('28',   '23',   '3');
insert into "mainApp_menu" ("daySlot_id",food_id,hostel_id) values ('28',   '24',   '3');
insert into "mainApp_menu" ("daySlot_id",food_id,hostel_id) values ('28',   '35',   '3');
insert into "mainApp_menu" ("daySlot_id",food_id,hostel_id) values ('21',   '12',   '2');
insert into "mainApp_menu" ("daySlot_id",food_id,hostel_id) values ('25',   '53',   '2');
insert into "mainApp_menu" ("daySlot_id",food_id,hostel_id) values ('15',   '24',   '2');
insert into "mainApp_menu" ("daySlot_id",food_id,hostel_id) values ('22',   '31',   '2');
insert into "mainApp_menu" ("daySlot_id",food_id,hostel_id) values ('21',   '42',   '2');
insert into "mainApp_menu" ("daySlot_id",food_id,hostel_id) values ('3',    '13',   '2');
insert into "mainApp_menu" ("daySlot_id",food_id,hostel_id) values ('6',    '54',   '2');
insert into "mainApp_menu" ("daySlot_id",food_id,hostel_id) values ('7',    '11',   '2');
insert into "mainApp_menu" ("daySlot_id",food_id,hostel_id) values ('13',   '42',   '2');
insert into "mainApp_menu" ("daySlot_id",food_id,hostel_id) values ('28',   '53',   '2');
insert into "mainApp_menu" ("daySlot_id",food_id,hostel_id) values ('7',    '14',   '2');



insert into "mainApp_hostel" ("ID",name,"costPerDay") values (1,'queen of the campus','200');
insert into "mainApp_hostel" ("ID",name,"costPerDay") values (2,'the wild ones','200');
insert into "mainApp_hostel" ("ID",name,"costPerDay") values (3,'vitruvians','200');
insert into "mainApp_hostel" ("ID",name,"costPerDay") values (4,'mad house','200');
insert into "mainApp_hostel" ("ID",name,"costPerDay") values (5,'penthouse','200');
insert into "mainApp_hostel" ("ID",name,"costPerDay") values (6,'vikings','200');
insert into "mainApp_hostel" ("ID",name,"costPerDay") values (7,'lady of the lake','200');
insert into "mainApp_hostel" ("ID",name,"costPerDay") values (8,'woodland','200');
insert into "mainApp_hostel" ("ID",name,"costPerDay") values (9,'pluto','200');
insert into "mainApp_hostel" ("ID",name,"costPerDay") values (10,'phoenix','200');
insert into "mainApp_hostel" ("ID",name,"costPerDay") values (11,'athena','200');
insert into "mainApp_hostel" ("ID",name,"costPerDay") values (12,'crown of the campus','200');
insert into "mainApp_hostel" ("ID",name,"costPerDay") values (13,'house of titans','200');
insert into "mainApp_hostel" ("ID",name,"costPerDay") values (14,'silicon ship','200');
insert into "mainApp_hostel" ("ID",name,"costPerDay") values (15,'trident','200');
insert into "mainApp_hostel" ("ID",name,"costPerDay") values (16,'olympus','200');


insert into "mainApp_extras" (cost,food_id,hostel_id) values(50,'74','1');
insert into "mainApp_extras" (cost,food_id,hostel_id) values(50,'74','2');
insert into "mainApp_extras" (cost,food_id,hostel_id) values(50,'74','3');
insert into "mainApp_extras" (cost,food_id,hostel_id) values(50,'74','4');
insert into "mainApp_extras" (cost,food_id,hostel_id) values(50,'74','5');
insert into "mainApp_extras" (cost,food_id,hostel_id) values(50,'74','6');
insert into "mainApp_extras" (cost,food_id,hostel_id) values(50,'74','7');
insert into "mainApp_extras" (cost,food_id,hostel_id) values(50,'74','8');
insert into "mainApp_extras" (cost,food_id,hostel_id) values(50,'74','9');
insert into "mainApp_extras" (cost,food_id,hostel_id) values(50,'74','10');
insert into "mainApp_extras" (cost,food_id,hostel_id) values(50,'74','11');
insert into "mainApp_extras" (cost,food_id,hostel_id) values(50,'74','12');
insert into "mainApp_extras" (cost,food_id,hostel_id) values(50,'74','13');
insert into "mainApp_extras" (cost,food_id,hostel_id) values(50,'74','14');
insert into "mainApp_extras" (cost,food_id,hostel_id) values(50,'74','15');
insert into "mainApp_extras" (cost,food_id,hostel_id) values(50,'74','16');
insert into "mainApp_extras" (cost,food_id,hostel_id) values(50,'75','1');
insert into "mainApp_extras" (cost,food_id,hostel_id) values(50,'75','2');
insert into "mainApp_extras" (cost,food_id,hostel_id) values(50,'75','3');
insert into "mainApp_extras" (cost,food_id,hostel_id) values(50,'75','4');
insert into "mainApp_extras" (cost,food_id,hostel_id) values(50,'75','5');
insert into "mainApp_extras" (cost,food_id,hostel_id) values(50,'75','6');
insert into "mainApp_extras" (cost,food_id,hostel_id) values(50,'75','7');
insert into "mainApp_extras" (cost,food_id,hostel_id) values(50,'75','8');
insert into "mainApp_extras" (cost,food_id,hostel_id) values(50,'75','9');
insert into "mainApp_extras" (cost,food_id,hostel_id) values(50,'75','10');
insert into "mainApp_extras" (cost,food_id,hostel_id) values(50,'75','11');
insert into "mainApp_extras" (cost,food_id,hostel_id) values(50,'75','12');
insert into "mainApp_extras" (cost,food_id,hostel_id) values(50,'75','13');
insert into "mainApp_extras" (cost,food_id,hostel_id) values(50,'75','14');
insert into "mainApp_extras" (cost,food_id,hostel_id) values(50,'75','15');
insert into "mainApp_extras" (cost,food_id,hostel_id) values(50,'75','16');
insert into "mainApp_extras" (cost,food_id,hostel_id) values(25,'76','1');
insert into "mainApp_extras" (cost,food_id,hostel_id) values(25,'76','2');
insert into "mainApp_extras" (cost,food_id,hostel_id) values(25,'76','3');
insert into "mainApp_extras" (cost,food_id,hostel_id) values(25,'76','4');
insert into "mainApp_extras" (cost,food_id,hostel_id) values(25,'76','5');
insert into "mainApp_extras" (cost,food_id,hostel_id) values(25,'76','6');
insert into "mainApp_extras" (cost,food_id,hostel_id) values(25,'76','7');
insert into "mainApp_extras" (cost,food_id,hostel_id) values(25,'76','8');
insert into "mainApp_extras" (cost,food_id,hostel_id) values(25,'76','9');
insert into "mainApp_extras" (cost,food_id,hostel_id) values(25,'76','10');
insert into "mainApp_extras" (cost,food_id,hostel_id) values(25,'76','11');
insert into "mainApp_extras" (cost,food_id,hostel_id) values(25,'76','12');
insert into "mainApp_extras" (cost,food_id,hostel_id) values(25,'76','13');
insert into "mainApp_extras" (cost,food_id,hostel_id) values(25,'76','14');
insert into "mainApp_extras" (cost,food_id,hostel_id) values(25,'76','15');
insert into "mainApp_extras" (cost,food_id,hostel_id) values(25,'76','16');
insert into "mainApp_extras" (cost,food_id,hostel_id) values(22,'77','1');
insert into "mainApp_extras" (cost,food_id,hostel_id) values(22,'77','2');
insert into "mainApp_extras" (cost,food_id,hostel_id) values(22,'77','3');
insert into "mainApp_extras" (cost,food_id,hostel_id) values(22,'77','4');
insert into "mainApp_extras" (cost,food_id,hostel_id) values(22,'77','5');
insert into "mainApp_extras" (cost,food_id,hostel_id) values(22,'77','6');
insert into "mainApp_extras" (cost,food_id,hostel_id) values(22,'77','7');
insert into "mainApp_extras" (cost,food_id,hostel_id) values(22,'77','8');
insert into "mainApp_extras" (cost,food_id,hostel_id) values(22,'77','9');
insert into "mainApp_extras" (cost,food_id,hostel_id) values(22,'77','10');
insert into "mainApp_extras" (cost,food_id,hostel_id) values(22,'77','11');
insert into "mainApp_extras" (cost,food_id,hostel_id) values(22,'77','12');
insert into "mainApp_extras" (cost,food_id,hostel_id) values(22,'77','13');
insert into "mainApp_extras" (cost,food_id,hostel_id) values(22,'77','14');
insert into "mainApp_extras" (cost,food_id,hostel_id) values(22,'77','15');
insert into "mainApp_extras" (cost,food_id,hostel_id) values(22,'77','16');
insert into "mainApp_extras" (cost,food_id,hostel_id) values(25,'78','1');
insert into "mainApp_extras" (cost,food_id,hostel_id) values(25,'78','2');
insert into "mainApp_extras" (cost,food_id,hostel_id) values(25,'78','3');
insert into "mainApp_extras" (cost,food_id,hostel_id) values(25,'78','4');
insert into "mainApp_extras" (cost,food_id,hostel_id) values(25,'78','5');
insert into "mainApp_extras" (cost,food_id,hostel_id) values(25,'78','6');
insert into "mainApp_extras" (cost,food_id,hostel_id) values(25,'78','7');
insert into "mainApp_extras" (cost,food_id,hostel_id) values(25,'78','8');
insert into "mainApp_extras" (cost,food_id,hostel_id) values(25,'78','9');
insert into "mainApp_extras" (cost,food_id,hostel_id) values(25,'78','10');
insert into "mainApp_extras" (cost,food_id,hostel_id) values(25,'78','11');
insert into "mainApp_extras" (cost,food_id,hostel_id) values(25,'78','12');
insert into "mainApp_extras" (cost,food_id,hostel_id) values(25,'78','13');
insert into "mainApp_extras" (cost,food_id,hostel_id) values(25,'78','14');
insert into "mainApp_extras" (cost,food_id,hostel_id) values(25,'78','15');
insert into "mainApp_extras" (cost,food_id,hostel_id) values(25,'78','16');
insert into "mainApp_extras" (cost,food_id,hostel_id) values(30,'5','1');
insert into "mainApp_extras" (cost,food_id,hostel_id) values(30,'5','2');
insert into "mainApp_extras" (cost,food_id,hostel_id) values(30,'5','3');
insert into "mainApp_extras" (cost,food_id,hostel_id) values(30,'5','4');
insert into "mainApp_extras" (cost,food_id,hostel_id) values(30,'5','5');
insert into "mainApp_extras" (cost,food_id,hostel_id) values(30,'5','6');
insert into "mainApp_extras" (cost,food_id,hostel_id) values(30,'5','7');
insert into "mainApp_extras" (cost,food_id,hostel_id) values(30,'5','8');
insert into "mainApp_extras" (cost,food_id,hostel_id) values(30,'5','9');
insert into "mainApp_extras" (cost,food_id,hostel_id) values(30,'5','10');
insert into "mainApp_extras" (cost,food_id,hostel_id) values(30,'5','11');
insert into "mainApp_extras" (cost,food_id,hostel_id) values(30,'5','12');
insert into "mainApp_extras" (cost,food_id,hostel_id) values(30,'5','13');
insert into "mainApp_extras" (cost,food_id,hostel_id) values(30,'5','14');
insert into "mainApp_extras" (cost,food_id,hostel_id) values(30,'5','15');
insert into "mainApp_extras" (cost,food_id,hostel_id) values(30,'5','16');
insert into "mainApp_extras" (cost,food_id,hostel_id) values(10,'17','1');
insert into "mainApp_extras" (cost,food_id,hostel_id) values(10,'17','2');
insert into "mainApp_extras" (cost,food_id,hostel_id) values(10,'17','3');
insert into "mainApp_extras" (cost,food_id,hostel_id) values(10,'17','4');
insert into "mainApp_extras" (cost,food_id,hostel_id) values(10,'17','5');
insert into "mainApp_extras" (cost,food_id,hostel_id) values(10,'17','6');
insert into "mainApp_extras" (cost,food_id,hostel_id) values(10,'17','7');
insert into "mainApp_extras" (cost,food_id,hostel_id) values(10,'17','8');
insert into "mainApp_extras" (cost,food_id,hostel_id) values(10,'17','9');
insert into "mainApp_extras" (cost,food_id,hostel_id) values(10,'17','10');
insert into "mainApp_extras" (cost,food_id,hostel_id) values(10,'17','11');
insert into "mainApp_extras" (cost,food_id,hostel_id) values(10,'17','12');
insert into "mainApp_extras" (cost,food_id,hostel_id) values(10,'17','13');
insert into "mainApp_extras" (cost,food_id,hostel_id) values(10,'17','14');
insert into "mainApp_extras" (cost,food_id,hostel_id) values(10,'17','15');
insert into "mainApp_extras" (cost,food_id,hostel_id) values(10,'17','16');
insert into "mainApp_extras" (cost,food_id,hostel_id) values(20,'4','1');
insert into "mainApp_extras" (cost,food_id,hostel_id) values(20,'4','2');
insert into "mainApp_extras" (cost,food_id,hostel_id) values(20,'4','3');
insert into "mainApp_extras" (cost,food_id,hostel_id) values(20,'4','4');
insert into "mainApp_extras" (cost,food_id,hostel_id) values(20,'4','5');
insert into "mainApp_extras" (cost,food_id,hostel_id) values(20,'4','6');
insert into "mainApp_extras" (cost,food_id,hostel_id) values(20,'4','7');
insert into "mainApp_extras" (cost,food_id,hostel_id) values(20,'4','8');
insert into "mainApp_extras" (cost,food_id,hostel_id) values(20,'4','9');
insert into "mainApp_extras" (cost,food_id,hostel_id) values(20,'4','10');
insert into "mainApp_extras" (cost,food_id,hostel_id) values(20,'4','11');
insert into "mainApp_extras" (cost,food_id,hostel_id) values(20,'4','12');
insert into "mainApp_extras" (cost,food_id,hostel_id) values(20,'4','13');
insert into "mainApp_extras" (cost,food_id,hostel_id) values(20,'4','14');
insert into "mainApp_extras" (cost,food_id,hostel_id) values(20,'4','15');
insert into "mainApp_extras" (cost,food_id,hostel_id) values(20,'4','16');


insert into "mainApp_cost" (cost,hostel_id,"mealType")values(50,'1','breakfast');
insert into "mainApp_cost" (cost,hostel_id,"mealType")values(50,'2','breakfast');
insert into "mainApp_cost" (cost,hostel_id,"mealType")values(50,'3','breakfast');
insert into "mainApp_cost" (cost,hostel_id,"mealType")values(50,'4','breakfast');
insert into "mainApp_cost" (cost,hostel_id,"mealType")values(50,'5','breakfast');
insert into "mainApp_cost" (cost,hostel_id,"mealType")values(50,'6','breakfast');
insert into "mainApp_cost" (cost,hostel_id,"mealType")values(50,'7','breakfast');
insert into "mainApp_cost" (cost,hostel_id,"mealType")values(60,'8','breakfast');
insert into "mainApp_cost" (cost,hostel_id,"mealType")values(60,'9','breakfast');
insert into "mainApp_cost" (cost,hostel_id,"mealType")values(60,'10','breakfast');
insert into "mainApp_cost" (cost,hostel_id,"mealType")values(60,'11','breakfast');
insert into "mainApp_cost" (cost,hostel_id,"mealType")values(60,'12','breakfast');
insert into "mainApp_cost" (cost,hostel_id,"mealType")values(60,'13','breakfast');
insert into "mainApp_cost" (cost,hostel_id,"mealType")values(60,'14','breakfast');
insert into "mainApp_cost" (cost,hostel_id,"mealType")values(60,'15','breakfast');
insert into "mainApp_cost" (cost,hostel_id,"mealType")values(60,'16','breakfast');
insert into "mainApp_cost" (cost,hostel_id,"mealType")values(70,'1','lunch');
insert into "mainApp_cost" (cost,hostel_id,"mealType")values(65,'2','lunch');
insert into "mainApp_cost" (cost,hostel_id,"mealType")values(65,'3','lunch');
insert into "mainApp_cost" (cost,hostel_id,"mealType")values(70,'4','lunch');
insert into "mainApp_cost" (cost,hostel_id,"mealType")values(70,'5','lunch');
insert into "mainApp_cost" (cost,hostel_id,"mealType")values(70,'6','lunch');
insert into "mainApp_cost" (cost,hostel_id,"mealType")values(65,'7','lunch');
insert into "mainApp_cost" (cost,hostel_id,"mealType")values(75,'8','lunch');
insert into "mainApp_cost" (cost,hostel_id,"mealType")values(70,'9','lunch');
insert into "mainApp_cost" (cost,hostel_id,"mealType")values(70,'10','lunch');
insert into "mainApp_cost" (cost,hostel_id,"mealType")values(70,'11','lunch');
insert into "mainApp_cost" (cost,hostel_id,"mealType")values(70,'12','lunch');
insert into "mainApp_cost" (cost,hostel_id,"mealType")values(65,'13','lunch');
insert into "mainApp_cost" (cost,hostel_id,"mealType")values(70,'14','lunch');
insert into "mainApp_cost" (cost,hostel_id,"mealType")values(70,'15','lunch');
insert into "mainApp_cost" (cost,hostel_id,"mealType")values(65,'16','lunch');
insert into "mainApp_cost" (cost,hostel_id,"mealType")values(40,'1','tiffin');
insert into "mainApp_cost" (cost,hostel_id,"mealType")values(45,'2','tiffin');
insert into "mainApp_cost" (cost,hostel_id,"mealType")values(40,'3','tiffin');
insert into "mainApp_cost" (cost,hostel_id,"mealType")values(40,'4','tiffin');
insert into "mainApp_cost" (cost,hostel_id,"mealType")values(40,'5','tiffin');
insert into "mainApp_cost" (cost,hostel_id,"mealType")values(45,'6','tiffin');
insert into "mainApp_cost" (cost,hostel_id,"mealType")values(40,'7','tiffin');
insert into "mainApp_cost" (cost,hostel_id,"mealType")values(40,'8','tiffin');
insert into "mainApp_cost" (cost,hostel_id,"mealType")values(40,'9','tiffin');
insert into "mainApp_cost" (cost,hostel_id,"mealType")values(45,'10','tiffin');
insert into "mainApp_cost" (cost,hostel_id,"mealType")values(45,'11','tiffin');
insert into "mainApp_cost" (cost,hostel_id,"mealType")values(40,'12','tiffin');
insert into "mainApp_cost" (cost,hostel_id,"mealType")values(40,'13','tiffin');
insert into "mainApp_cost" (cost,hostel_id,"mealType")values(40,'14','tiffin');
insert into "mainApp_cost" (cost,hostel_id,"mealType")values(45,'15','tiffin');
insert into "mainApp_cost" (cost,hostel_id,"mealType")values(45,'16','tiffin');
insert into "mainApp_cost" (cost,hostel_id,"mealType")values(70,'1','dinner');
insert into "mainApp_cost" (cost,hostel_id,"mealType")values(65,'2','dinner');
insert into "mainApp_cost" (cost,hostel_id,"mealType")values(65,'3','dinner');
insert into "mainApp_cost" (cost,hostel_id,"mealType")values(70,'4','dinner');
insert into "mainApp_cost" (cost,hostel_id,"mealType")values(70,'5','dinner');
insert into "mainApp_cost" (cost,hostel_id,"mealType")values(70,'6','dinner');
insert into "mainApp_cost" (cost,hostel_id,"mealType")values(65,'7','dinner');
insert into "mainApp_cost" (cost,hostel_id,"mealType")values(75,'8','dinner');
insert into "mainApp_cost" (cost,hostel_id,"mealType")values(70,'9','dinner');
insert into "mainApp_cost" (cost,hostel_id,"mealType")values(70,'10','dinner');
insert into "mainApp_cost" (cost,hostel_id,"mealType")values(70,'11','dinner');
insert into "mainApp_cost" (cost,hostel_id,"mealType")values(70,'12','dinner');
insert into "mainApp_cost" (cost,hostel_id,"mealType")values(65,'13','dinner');
insert into "mainApp_cost" (cost,hostel_id,"mealType")values(70,'14','dinner');
insert into "mainApp_cost" (cost,hostel_id,"mealType")values(70,'15','dinner');
insert into "mainApp_cost" (cost,hostel_id,"mealType")values(65,'16','dinner');


insert into "mainApp_announcement" ("ID","dateTime",text,hostel_id,subject) values(1,'2016-11-23 13:40:31.189166+05:30','Bag found in mess after breakfast','3','lost bag');
insert into "mainApp_announcement" ("ID","dateTime",text,hostel_id,subject) values(2,'2016-11-23 12:40:31.189166+05:30','We sincerely regret for serving bad quality of chutney in yesterdays tiffin.This was not at all intentional','3','Regret for bad chutney');
insert into "mainApp_announcement" ("ID","dateTime",text,hostel_id,subject) values(3,'2016-11-23 11:40:31.189166+05:30','Watch found in mess after breakfast, please collect it back by showing valid ID','3','lost watch');
insert into "mainApp_announcement" ("ID","dateTime",text,hostel_id,subject) values(4,'2016-11-23 10:40:31.189166+05:30','We sincerely regret for serving bad quality of sambhar in yesterdays tiffin.This was not at all intentional','3','Regret for bad sambhar');
insert into "mainApp_announcement" ("ID","dateTime",text,hostel_id,subject) values(5,'2016-11-23 9:40:31.189166+05:30','Bag found in mess after breakfast','3','lost bag');
insert into "mainApp_announcement" ("ID","dateTime",text,hostel_id,subject) values(6,'2016-11-23 8:40:31.189166+05:30','We sincerely regret for serving bad quality of chutney in yesterdays tiffin.This was not at all intentional','3','Regret for bad chutney');
insert into "mainApp_announcement" ("ID","dateTime",text,hostel_id,subject) values(7,'2016-11-23 7:40:31.189166+05:30','Watch found in mess after breakfast, please collect it back by showing valid ID','3','lost watch');
insert into "mainApp_announcement" ("ID","dateTime",text,hostel_id,subject) values(8,'2016-11-23 6:40:31.189166+05:30','We sincerely regret for serving bad quality of sambhar in yesterdays tiffin.This was not at all intentional','3','Regret for bad sambhar');
insert into "mainApp_announcement" ("ID","dateTime",text,hostel_id,subject) values(9,'2016-11-23 5:40:31.189166+05:30','Bag found in mess after breakfast','3','lost bag');
insert into "mainApp_announcement" ("ID","dateTime",text,hostel_id,subject) values(10,'2016-11-23 4:40:31.189166+05:30','Watch found in mess after breakfast, please collect it back by showing valid ID','3','lost watch');
insert into "mainApp_announcement" ("ID","dateTime",text,hostel_id,subject) values(11,'2016-11-23 3:40:31.189166+05:30','We sincerely regret for serving bad quality of sambhar in yesterdays tiffin.This was not at all intentional','3','Regret for bad sambhar');

insert into "mainApp_wastage" (day,wasted,hostel_id) values(0,'4.5','3');
insert into "mainApp_wastage" (day,wasted,hostel_id) values(1,'8.5','3');
insert into "mainApp_wastage" (day,wasted,hostel_id) values(2,'2','3');
insert into "mainApp_wastage" (day,wasted,hostel_id) values(3,'6','3');
insert into "mainApp_wastage" (day,wasted,hostel_id) values(4,'10.5','3');
insert into "mainApp_wastage" (day,wasted,hostel_id) values(5,'11.5','3');
insert into "mainApp_wastage" (day,wasted,hostel_id) values(6,'1.5','3');






















